{
  "Packages": [
    {
      "Package": {
        "Id": "UiPath.Excel.Activities",
        "Version": "2.4.6856.17931"
      },
      "Assemblies": [
        "C:\\Users\\Veronica Cernea\\.nuget\\packages\\closedxml/0.87.1\\lib/net40/ClosedXML.dll",
        "C:\\Users\\Veronica Cernea\\.nuget\\packages\\csvhelper/2.13.5\\lib/net40-client/CsvHelper.dll",
        "C:\\Users\\Veronica Cernea\\.nuget\\packages\\documentformat.openxml/2.5.0\\lib/DocumentFormat.OpenXml.dll",
        "C:\\Users\\Veronica Cernea\\.nuget\\packages\\microsoft.visualstudio.ole.interop/7.10.6071\\lib/Microsoft.VisualStudio.OLE.Interop.dll",
        "C:\\Users\\Veronica Cernea\\.nuget\\packages\\npoi/2.2.1\\lib/net40/NPOI.dll",
        "C:\\Users\\Veronica Cernea\\.nuget\\packages\\npoi/2.2.1\\lib/net40/NPOI.OOXML.dll",
        "C:\\Users\\Veronica Cernea\\.nuget\\packages\\npoi/2.2.1\\lib/net40/NPOI.OpenXml4Net.dll",
        "C:\\Users\\Veronica Cernea\\.nuget\\packages\\npoi/2.2.1\\lib/net40/NPOI.OpenXmlFormats.dll",
        "C:\\Users\\Veronica Cernea\\.nuget\\packages\\sharpziplib/0.86.0\\lib/20/ICSharpCode.SharpZipLib.dll",
        "C:\\Users\\Veronica Cernea\\.nuget\\packages\\uipath.excel.activities/2.4.6856.17931\\lib/net452/UiPath.Excel.Activities.Design.dll",
        "C:\\Users\\Veronica Cernea\\.nuget\\packages\\uipath.excel.activities/2.4.6856.17931\\lib/net452/UiPath.Excel.Activities.dll",
        "C:\\Users\\Veronica Cernea\\.nuget\\packages\\uipath.excel.activities/2.4.6856.17931\\lib/net452/UiPath.Excel.dll"
      ]
    },
    {
      "Package": {
        "Id": "UiPath.System.Activities",
        "Version": "18.3.6864.20561"
      },
      "Assemblies": [
        "C:\\Users\\Veronica Cernea\\.nuget\\packages\\csvhelper/2.13.5\\lib/net40-client/CsvHelper.dll",
        "C:\\Users\\Veronica Cernea\\.nuget\\packages\\microsoft.rest.clientruntime/2.3.10\\lib/net452/Microsoft.Rest.ClientRuntime.dll",
        "C:\\Users\\Veronica Cernea\\.nuget\\packages\\newtonsoft.json/10.0.3\\lib/net45/Newtonsoft.Json.dll",
        "C:\\Users\\Veronica Cernea\\.nuget\\packages\\uipath.system.activities/18.3.6864.20561\\lib/net461/ActiproSoftware.Docking.Wpf.dll",
        "C:\\Users\\Veronica Cernea\\.nuget\\packages\\uipath.system.activities/18.3.6864.20561\\lib/net461/ActiproSoftware.Ribbon.Wpf.dll",
        "C:\\Users\\Veronica Cernea\\.nuget\\packages\\uipath.system.activities/18.3.6864.20561\\lib/net461/ActiproSoftware.Shared.Wpf.dll",
        "C:\\Users\\Veronica Cernea\\.nuget\\packages\\uipath.system.activities/18.3.6864.20561\\lib/net461/ActiproSoftware.SyntaxEditor.Addons.DotNet.Wpf.dll",
        "C:\\Users\\Veronica Cernea\\.nuget\\packages\\uipath.system.activities/18.3.6864.20561\\lib/net461/ActiproSoftware.SyntaxEditor.Wpf.dll",
        "C:\\Users\\Veronica Cernea\\.nuget\\packages\\uipath.system.activities/18.3.6864.20561\\lib/net461/ActiproSoftware.Text.Addons.DotNet.Wpf.dll",
        "C:\\Users\\Veronica Cernea\\.nuget\\packages\\uipath.system.activities/18.3.6864.20561\\lib/net461/ActiproSoftware.Text.LLParser.Wpf.dll",
        "C:\\Users\\Veronica Cernea\\.nuget\\packages\\uipath.system.activities/18.3.6864.20561\\lib/net461/ActiproSoftware.Text.Wpf.dll",
        "C:\\Users\\Veronica Cernea\\.nuget\\packages\\uipath.system.activities/18.3.6864.20561\\lib/net461/ActiproSoftware.Wizard.Wpf.dll",
        "C:\\Users\\Veronica Cernea\\.nuget\\packages\\uipath.system.activities/18.3.6864.20561\\lib/net461/UiPath.OrchestratorClient.dll",
        "C:\\Users\\Veronica Cernea\\.nuget\\packages\\uipath.system.activities/18.3.6864.20561\\lib/net461/UiPath.System.Activities.Design.dll",
        "C:\\Users\\Veronica Cernea\\.nuget\\packages\\uipath.system.activities/18.3.6864.20561\\lib/net461/UiPath.System.Activities.dll"
      ]
    }
  ],
  "Conflicts": [],
  "ResolvedDependencies": {
    "ClosedXML": {
      "Id": "ClosedXML",
      "Version": "0.87.1",
      "Dependencies": [
        {
          "Item1": "DocumentFormat.OpenXml",
          "Item2": "[2.5.0, )"
        }
      ]
    },
    "CsvHelper": {
      "Id": "CsvHelper",
      "Version": "2.13.5",
      "Dependencies": []
    },
    "DocumentFormat.OpenXml": {
      "Id": "DocumentFormat.OpenXml",
      "Version": "2.5.0",
      "Dependencies": []
    },
    "Microsoft.Rest.ClientRuntime": {
      "Id": "Microsoft.Rest.ClientRuntime",
      "Version": "2.3.10",
      "Dependencies": [
        {
          "Item1": "Newtonsoft.Json",
          "Item2": "[6.0.8, )"
        }
      ]
    },
    "Microsoft.VisualStudio.OLE.Interop": {
      "Id": "Microsoft.VisualStudio.OLE.Interop",
      "Version": "7.10.6071",
      "Dependencies": []
    },
    "Newtonsoft.Json": {
      "Id": "Newtonsoft.Json",
      "Version": "10.0.3",
      "Dependencies": []
    },
    "NPOI": {
      "Id": "NPOI",
      "Version": "2.2.1",
      "Dependencies": [
        {
          "Item1": "SharpZipLib",
          "Item2": "[0.86.0, )"
        }
      ]
    },
    "SharpZipLib": {
      "Id": "SharpZipLib",
      "Version": "0.86.0",
      "Dependencies": []
    },
    "UiPath.Excel.Activities": {
      "Id": "UiPath.Excel.Activities",
      "Version": "2.4.6856.17931",
      "Dependencies": [
        {
          "Item1": "ClosedXML",
          "Item2": "[0.87.1, )"
        },
        {
          "Item1": "CsvHelper",
          "Item2": "[2.13.5, )"
        },
        {
          "Item1": "DocumentFormat.OpenXml",
          "Item2": "[2.5.0, )"
        },
        {
          "Item1": "Microsoft.VisualStudio.OLE.Interop",
          "Item2": "[7.10.6071, )"
        },
        {
          "Item1": "NPOI",
          "Item2": "[2.2.1, )"
        }
      ]
    },
    "UiPath.System.Activities": {
      "Id": "UiPath.System.Activities",
      "Version": "18.3.6864.20561",
      "Dependencies": [
        {
          "Item1": "CsvHelper",
          "Item2": "[2.13.5, )"
        },
        {
          "Item1": "Microsoft.Rest.ClientRuntime",
          "Item2": "[2.3.10, )"
        },
        {
          "Item1": "Newtonsoft.Json",
          "Item2": "[10.0.3, )"
        }
      ]
    }
  }
}